URL,Initial Status,Final Status,Detected Status,Redirect Chain,Redirect Target,Redirect Count,IP Address,Server Header,Hosting Provider,Response Time (s),Size (Bytes),Response Type,Error,Response Body
https://rapsignal.co.in/,404,404,404 Error Page,404,,0,,N/A,N/A,0.197,796,Full Error Page,None,"<!DOCTYPE html>
<html style=""height:100%"">
<head>
<meta name=""viewport"" content=""width=device-width, initial-scale=1, shrink-to-fit=no"" />
<title> 404 Not Found
</title><style>@media (prefers-color-scheme:dark){body{background-color:#000!important}}</style></head>
<body style=""color: #444; margin:0;font: normal 14px/20px Arial, Helvetica, sans-serif; height:100%; background-color: #fff;"">
<div style=""height:auto; min-height:100%; "">     <div style=""text-align: center; width:800px; margin-left: -400px; position:absolute; top: 30%; left:50%;"">
        <h1 style=""margin:0; font-size:150px; line-height:150px; font-weight:bold;"">404</h1>
<h2 style=""margin-top:20px;font-size: 30px;"">Not Found
</h2>
<p>The resource requested could not be found on this server!</p>
</div></div></body></html>"
http://ultimatecoder.in/admin,301,404,404 Error Page,301 -> 404,https://ultimatecoder.in/admin,1,,N/A,N/A,0.269,796,Redirect (301) -> Error Page (404),None,"<!DOCTYPE html>
<html style=""height:100%"">
<head>
<meta name=""viewport"" content=""width=device-width, initial-scale=1, shrink-to-fit=no"" />
<title> 404 Not Found
</title><style>@media (prefers-color-scheme:dark){body{background-color:#000!important}}</style></head>
<body style=""color: #444; margin:0;font: normal 14px/20px Arial, Helvetica, sans-serif; height:100%; background-color: #fff;"">
<div style=""height:auto; min-height:100%; "">     <div style=""text-align: center; width:800px; margin-left: -400px; position:absolute; top: 30%; left:50%;"">
        <h1 style=""margin:0; font-size:150px; line-height:150px; font-weight:bold;"">404</h1>
<h2 style=""margin-top:20px;font-size: 30px;"">Not Found
</h2>
<p>The resource requested could not be found on this server!</p>
</div></div></body></html>"
http://ultimatecoder.in/,301,200,200 OK,301 -> 200,https://ultimatecoder.in/,1,,N/A,N/A,0.329,56083,Redirect (301) -> Success (200),None,
http://blog.ultimatecoder.in/,301,200,200 OK,301 -> 200,https://blog.ultimatecoder.in/,1,,N/A,N/A,0.466,182883,Redirect (301) -> Success (200),None,
